num_features,num_instance,num_classes,num_categories,num_numeric_features,ratio_categorical_numerical,ratio_numerical_categorical,log_num_features,log_num_instances,dataset_ratio,inverse_dataset_ratio,log_dataset_ratio,log_inverse_dataset_ratio,class_cross_entropy,class_prob_mean,class_prob_median,class_prob_std,class_prob_min,class_prob_max,symbol_mean,symbol_sum,symbol_std,symbol_min,symbol_max,kurtosis_mean,kurtosis_median,kurtosis_std,kurtosis_min,kurtosis_max,skew_mean,skew_median,skew_std,skew_min,skew_max,pca_fraction_95,pca_kurtosis,pca_skew,num_instances_missing_values,num_features_missing_values,percentage_instances_missing,percentage_features_missing,num_missing,percentage_missing,landmark_1nn,landmark_decision_node_learner,landmark_decision_tree,landmark_lda,landmark_naive_bayes,landmark_random_node_learner,data_id
36,3196,2,36,0,1,0,3.58351893845611,8.069655306886165,0.011264080100125156,88.77777777777777,-4.4861363684300555,4.4861363684300555,0.9985755386554581,0.5,0.5,0.03141713483369518,0.47778473091364204,0.522215269086358,2.0555555555555554,74,0.22906142364542562,2,3,,,,,,,,,,,0.6666666666666666,-1.0857062323432383,0.29196625041325275,0,0,0.0,0.0,0,0.0,0.7647145474754047,0.5811980799373041,0.9783816306362256,0.8932394003469962,0.6081186848149681,0.49939757447605526,3
279,452,13,73,206,0.35436893203883496,2.8219178082191783,5.631211781821365,6.113682179832232,0.6172566371681416,1.6200716845878136,-0.48247039801086555,0.48247039801086555,2.401386300219465,0.07692307692307693,0.033185840707964605,0.1436752130102376,0.004424778761061947,0.5420353982300885,2.0,146,0.0,2,2,48.46974728559745,6.914513274734038,97.47383482282113,-1.587018878444233,451.99999999999966,1.276741883684602,0.30856876913359,6.337105347913152,-21.260291625469556,21.260291625469556,0.25448028673835127,0.9442994091676145,0.4236599366628575,384,5,0.011061946902654867,0.017921146953405017,408,0.003235322104862499,0.579977757837779,0.5556713638959132,0.6414880292030345,0.5179648829431438,0.14409768333469292,0.5467313470375506,5
16,20000,26,0,16,0,1,2.772588722239781,9.903487552536127,0.0008,1250.0,-7.1308988302963465,7.1308988302963465,4.699810726573158,0.038461538461538464,0.038349999999999995,0.0011587327295202881,0.0367,0.04065,,,,,,0.6977379005298483,0.885304439012927,0.6709184606324483,-0.42117882211620783,2.0752450461551444,0.2902970341017828,0.25433458793984703,0.45523053328060314,-0.3100790698728038,1.159975015422924,0.75,-0.3880047401149791,0.033802861295858806,0,0,0.0,0.0,0,0.0,0.9554516787236548,0.07090346294128405,0.8788109914044376,0.701368385659088,0.6424088449915841,0.05969616458566481,6
69,226,24,69,0,1,0,4.23410650459726,5.420534999272286,0.3053097345132743,3.2753623188405796,-1.1864284946750265,1.1864284946750265,3.4219467877281735,0.041666666666666664,0.011061946902654867,0.06565493027744833,0.004424778761061947,0.252212389380531,2.2318840579710146,154,0.7449331754142839,2,6,,,,,,,,,,,0.2608695652173913,-0.5570174479900962,0.605333460501609,222,7,0.030973451327433628,0.10144927536231885,317,0.02032833140951648,0.6203016434366548,0.4956404144419018,0.7605801146476204,0.7803081732658391,0.6773415505166078,0.27426146476203683,7
4,625,3,0,4,0,1,1.3862943611198906,6.437751649736401,0.0064,156.25,-5.051457288616511,5.051457288616511,1.318116246441582,0.3333333333333333,0.4608,0.2207787429381129,0.0784,0.4608,,,,,,-1.300798439249973,-1.300798439249973,0.0,-1.300798439249973,-1.300798439249973,-4.629646349420428e-18,0.0,8.018782698271957e-18,-1.851858539768171e-17,0.0,1.0,-1.300798439249973,-9.116842041935611e-17,0,0,0.0,0.0,0,0.0,0.7109133489461358,0.45129846474108765,0.6780015612802498,0.8542909185532137,0.84079885506115,0.4608222742648972,11
9,286,2,9,0,1,0,2.1972245773362196,5.655991810819852,0.03146853146853147,31.77777777777778,-3.4587672334836332,3.4587672334836332,0.8778446951746506,0.5,0.5,0.28679855460713116,0.2972027972027972,0.7027972027972028,5.666666666666667,51,4.216370213557839,2,13,,,,,,,,,,,0.6666666666666666,0.039943452828349546,-0.036080499325828325,9,2,0.006993006993006993,0.2222222222222222,9,0.0034965034965034965,0.6675533661740559,0.7064532019704433,0.6180459770114942,0.7066995073891625,0.7273973727422003,0.7239490968801314,13
9,1473,3,7,2,3.5,0.2857142857142857,2.1972245773362196,7.29505641646263,0.006109979633401222,163.66666666666666,-5.097831839126411,5.097831839126411,1.5390345832497476,0.3333333333333333,0.3469110658520027,0.10116094146234016,0.22606924643584522,0.4270196877121521,3.142857142857143,22,0.989743318610787,2,4,0.29285603023390583,0.29285603023390583,1.2367505210977237,-0.9438944908638178,1.5296065513316295,0.6777315757939866,0.6777315757939866,0.42128237031208804,0.25644920548189853,1.0990139461060746,0.7777777777777778,-0.619312246391905,0.48065080426414686,0,0,0.0,0.0,0,0.0,0.4439042185308882,0.4270256248972807,0.4723752080438536,0.5118543553826391,0.46640954658166595,0.4229439922442194,23
22,8124,2,22,0,1,0,3.091042453358316,9.002577922700276,0.0027080256031511572,369.27272727272725,-5.91153546934196,5.91153546934196,0.9990678968724603,0.5,0.5,0.025415457915616908,0.48202855736090594,0.517971442639094,5.681818181818182,125,2.9601345736663522,2,12,,,,,,,,,,,0.5,-0.839584166090352,0.6096679219323099,2480,1,0.00012309207287050715,0.045454545454545456,2480,0.013875833669038986,0.9588939292598845,0.6412992381003485,0.9581541018862716,0.881812502166192,0.8386433891809109,0.6211493914426489,24
64,5620,10,0,64,0,1,4.1588830833596715,8.634086942887738,0.011387900355871887,87.8125,-4.475203859528065,4.475203859528065,3.3218327248667654,0.1,0.09964412811387902,0.0012126363167414508,0.09857651245551602,0.10177935943060498,,,,,,163.2865608853919,0.0,475.5440457311057,-1.64651985294207,2807.498575814898,5.280836107520159,0.49238791053892156,11.079486045529036,-1.3029924517156501,52.995277771371974,0.65625,0.41744759009475363,0.2611471145060822,0,0,0.0,0.0,0,0.0,0.9738222430221508,0.19696284027658917,0.8866181433324748,0.9471185872841236,0.7206290936452223,0.10249004824940133,28
15,690,2,9,6,1.5,0.6666666666666666,2.70805020110221,6.536691597591305,0.021739130434782608,46.0,-3.828641396489095,3.828641396489095,0.9912308989033521,0.5,0.5,0.07788422517417042,0.4449275362318841,0.5550724637681159,4.555555555555555,41,3.9471821485181358,2,14,50.015394666124564,15.563435664307331,75.48366157512606,1.192071081784397,214.66997242752245,4.429861398121448,2.8206186551134538,4.101987150216129,1.1559430819452836,13.140655014445459,0.5333333333333333,-1.1877518168064052,0.1961652669718047,37,7,0.010144927536231883,0.4666666666666667,67,0.006473429951690821,0.759367921081476,0.8554658385093168,0.811963829009865,0.855423821702594,0.8016758007550846,0.6142339544513458,29
20,1000,2,13,7,1.8571428571428572,0.5384615384615384,2.995732273553991,6.907755278982137,0.02,50.0,-3.912023005428146,3.912023005428146,0.8812908992306927,0.5,0.5,0.282842712474619,0.3,0.7,4.3076923076923075,56,2.1973625933978003,2,11,0.9242775257980668,0.9197813600545772,1.7854665070327227,-1.381448502749358,4.292590308048512,0.9203791257168941,1.0941841715555325,0.9049518896502754,-0.5313481143125459,1.9496276798326215,0.75,0.6048099925822146,1.1916006492728939,0,0,0.0,0.0,0,0.0,0.696,0.7,0.679,0.7590000000000001,0.726,0.7,31
16,10992,10,0,16,0,1,2.772588722239781,9.30492301446213,0.001455604075691412,687.0,-6.532334292222349,6.532334292222349,3.320771738890595,0.1,0.09998180494905386,0.004219831181359215,0.09597889374090247,0.10407569141193596,,,,,,-0.5010429355334866,-0.7839021550501468,1.1112682822596338,-1.6857931744696824,3.050747284547208,-0.039196082120330565,0.08645947162696561,0.6548416460354501,-1.4911828752030933,0.9482646831121866,0.625,-0.8617883123949373,0.6358036474285622,0,0,0.0,0.0,0,0.0,0.9935399823560352,0.2039714063675631,0.9619635321358958,0.8760255595453683,0.8560261909055324,0.19296099411443562,32
34,366,6,33,1,33.0,0.030303030303030304,3.5263605246161616,5.902633333401366,0.09289617486338798,10.764705882352942,-2.3762728087852047,2.3762728087852047,2.4325972738896064,0.16666666666666666,0.15437158469945356,0.08312479505926303,0.0546448087431694,0.30601092896174864,3.909090909090909,129,0.3784847271756605,2,4,-0.6562901126729703,-0.6562901126729703,0.0,-0.6562901126729703,-0.6562901126729703,0.07416031846213307,0.07416031846213307,0.0,0.07416031846213307,0.07416031846213307,0.6176470588235294,-0.6812146943417177,0.2915895455420567,8,1,0.00273224043715847,0.029411764705882353,8,0.0006428801028608164,0.959331501831502,0.5027106227106227,0.9294261294261295,0.9668559218559218,0.8733699633699634,0.3576526251526252,35
19,2310,7,0,19,0,1,2.9444389791664403,7.745002803515839,0.008225108225108226,121.57894736842105,-4.800563824349399,4.800563824349399,2.807354922057604,0.14285714285714282,0.14285714285714285,2.997944808332385e-17,0.14285714285714285,0.14285714285714285,,,,,,36.48997020291099,0.5672273871120317,88.08835680448908,-1.2158709698911385,339.2210942729759,3.1461715465193327,1.2740806655214074,4.649419658005653,-0.8853608418421672,16.900935254869967,0.5263157894736842,-0.3831886865816241,0.8647586091977776,0,0,0.0,0.0,0,0.0,0.9666666666666666,0.28528138528138525,0.9575757575757576,0.9173160173160173,0.7974025974025973,0.28528138528138525,36
8,768,2,0,8,0,1,2.0794415416798357,6.643789733147672,0.010416666666666666,96.0,-4.564348191467836,4.564348191467836,0.9331343166407831,0.5,0.5,0.21360517348343622,0.3489583333333333,0.6510416666666666,,,,,,2.775362395442384,1.9668008946784328,2.750206100859754,-0.5200718661530104,7.214259554348592,0.5292461289375205,0.5377137404718741,1.241090429824696,-1.8436079833551355,2.27225085843155,1.0,0.8533289309155081,0.18086582883159666,0,0,0.0,0.0,0,0.0,0.7057245386192754,0.7149008885850991,0.699231032125769,0.7734962406015038,0.7564935064935066,0.6784347231715653,37
7,336,8,0,7,0,1,1.9459101490553132,5.817111159963204,0.020833333333333332,48.0,-3.871201010907891,3.871201010907891,2.188745583191225,0.125,0.0818452380952381,0.14505466838029737,0.005952380952380952,0.4255952380952381,,,,,,51.97603083019069,0.25941510752228325,116.39564212414382,-1.0447542888959247,336.00000000000557,3.6055010492684816,0.4142200561978497,6.288104422440402,-0.16595568511332406,18.33030277982365,0.8571428571428571,-1.1101160768510436,0.17134194338815295,0,0,0.0,0.0,0,0.0,0.7993236292819336,0.632387298297927,0.8073446840535874,0.7878857574438943,0.7383280842048194,0.6230953153757259,39
35,683,19,35,0,1,0,3.5553480614894135,6.52649485957079,0.05124450951683748,19.514285714285716,-2.971146798081376,2.9711467980813766,3.8355079845767204,0.05263157894736842,0.029282576866764276,0.044235846872024816,0.01171303074670571,0.13469985358711567,2.857142857142857,100,1.0728561917439192,2,7,,,,,,,,,,,0.4857142857142857,-0.6106868597142716,0.774173976494245,121,34,0.04978038067349927,0.9714285714285714,2337,0.09776197448232588,0.922988661135502,0.2033247087773158,0.9244729103453553,0.9364896760266509,0.87554087939615,0.19769090596041436,42
57,4601,2,0,57,0,1,4.04305126783455,8.434028950155469,0.01238861117148446,80.71929824561404,-4.390977682320918,4.390977682320918,0.9673602371807666,0.5,0.5,0.14984331920384353,0.39404477287546186,0.6059552271245382,,,,,,241.17001865176505,127.37652934847819,294.62161648966986,5.257394367988594,1480.6420502862318,11.186639096028417,9.724847529979828,6.897289088738339,1.5916742687065126,31.062064279034665,0.8421052631578947,88.5048331363403,8.152307972124925,0,0,0.0,0.0,0,0.0,0.8956523619224799,0.7730475836472476,0.8993257991890731,0.8830677427792561,0.8188600833775619,0.6996481665381422,44
9,958,2,9,0,1,0,2.1972245773362196,6.86484777797086,0.009394572025052192,106.44444444444444,-4.667623200634641,4.667623200634641,0.9309539862507961,0.5,0.5,0.21700354245182146,0.3465553235908142,0.6534446764091858,3.0,27,0.0,3,3,,,,,,,,,,,1.0,-0.6000584348272135,1.3091251917457318e-14,0,0,0.0,0.0,0,0.0,0.7109415129318141,0.6287072707542052,0.7480243941038163,0.6193105670103093,0.683909386869235,0.6287072707542052,50
13,270,2,0,13,0,1,2.5649493574615367,5.598421958998375,0.04814814814814815,20.76923076923077,-3.033472601536838,3.033472601536838,0.9910760598382222,0.5,0.5,0.07856742013183865,0.4444444444444444,0.5555555555555556,,,,,,0.11514511097134118,-0.29654784780380883,1.8476470074174993,-2.005357688431164,4.895598990181741,0.4269630907277231,0.543150961984061,0.839134092359784,-0.878767236834292,1.9919705589929446,0.9230769230769231,-0.7711896234402458,0.29899785463425393,0,0,0.0,0.0,0,0.0,0.7666666666666666,0.7185185185185186,0.7407407407407407,0.8407407407407408,0.8407407407407407,0.5444444444444445,53
19,155,2,13,6,2.1666666666666665,0.46153846153846156,2.9444389791664403,5.043425116919247,0.12258064516129032,8.157894736842104,-2.098986137752806,2.098986137752806,0.7346451526501956,0.5,0.5,0.41514011024500536,0.2064516129032258,0.7935483870967742,2.0,26,0.0,2,2,5.234578044467741,2.471023846536275,5.404680824728841,-0.10627063006847903,14.456305163821112,1.3223084887992906,0.9325490686551641,1.3520262488985613,-0.12867989537159552,3.2195531834662963,0.7368421052631579,-0.17988677996666924,0.5950102932499725,75,15,0.0967741935483871,0.7894736842105263,167,0.0567062818336163,0.8455392156862744,0.7941911764705882,0.782843137254902,0.8137745098039216,0.6534068627450982,0.7941911764705882,55
40,5000,3,0,40,0,1,3.6888794541139363,8.517193191416238,0.008,125.0,-4.8283137373023015,4.8283137373023015,1.5848792049207134,0.3333333333333333,0.331,0.004392417709341084,0.3306,0.3384,,,,,,-0.19641749321969632,-0.05122710616510329,0.2599171145918342,-0.679051825631471,0.15060825997502292,0.03546827362426733,0.016415358784205435,0.1180545988457068,-0.272030781572497,0.2720371073231148,0.85,-1.075200267971809,0.02837433749562031,0,0,0.0,0.0,0,0.0,0.7146067716956127,0.5688103898009219,0.743781008628417,0.8623976556336503,0.80000208354937,0.5143856965228657,60
4,150,3,0,4,0,1,1.3862943611198906,5.0106352940962555,0.02666666666666667,37.5,-3.624340932976365,3.624340932976365,1.584962500721156,0.3333333333333333,0.3333333333333333,0.0,0.3333333333333333,0.3333333333333333,,,,,,-0.7507394876837371,-0.9459091062274881,0.6883335653665801,-1.4019208006454034,0.29078106236543144,0.06737570104778673,0.10495719724642166,0.2640819263484481,-0.2744642524737839,0.3340526621720875,0.5,-1.3732799191008935,-0.2628012102917927,0,0,0.0,0.0,0,0.0,0.9533333333333334,0.6666666666666667,0.9533333333333334,0.9800000000000001,0.9533333333333334,0.62,61
16,101,7,15,1,15.0,0.06666666666666667,2.772588722239781,4.61512051684126,0.15841584158415842,6.3125,-1.842531794601478,1.8425317946014783,2.390559682294039,0.14285714285714285,0.09900990099009901,0.12767506756884595,0.039603960396039604,0.40594059405940597,2.0,30,0.0,2,2,-0.5986300839021883,-0.5986300839021883,0.0,-0.5986300839021883,-0.5986300839021883,0.13942710182441215,0.13942710182441215,0.0,0.13942710182441215,0.13942710182441215,0.625,-1.2822512042385807,-0.32986573184954143,0,0,0.0,0.0,0,0.0,0.9614646464646464,0.6183916083916083,0.9622222222222222,0.9267424242424243,0.9520202020202021,0.598947163947164,62
17,339,21,17,0,1,0,2.833213344056216,5.82600010738045,0.05014749262536873,19.941176470588236,-2.992786763324234,2.992786763324234,3.643740056350966,0.047619047619047616,0.029498525073746312,0.05615023686561806,0.0029498525073746312,0.24778761061946902,2.176470588235294,37,0.38122004108281526,2,3,,,,,,,,,,,0.8235294117647058,-0.029127216717752535,1.0685583937466068,207,5,0.014749262536873156,0.29411764705882354,225,0.039042165538781884,0.3659514268506345,0.22763119531376805,0.3520061235740931,0.4425049526484611,0.16146221965955487,0.22763119531376805,171
36,6430,6,0,36,0,1,3.58351893845611,8.768729817231666,0.005598755832037325,178.61111111111111,-5.185210878775555,5.185210878775555,2.4833618760456604,0.16666666666666663,0.1604199066874028,0.06781240913522704,0.09720062208398134,0.23810264385692068,,,,,,-0.1541168804787239,-0.4798469406404202,0.8340190537759028,-0.9198282387807759,1.2779853616660048,0.04046023385100414,-0.03997498280191736,0.5578673519550564,-0.6740118722728726,0.9194954990163015,0.16666666666666666,-1.0298435474800562,0.10719936034448167,0,0,0.0,0.0,0,0.0,0.9060530132625688,0.4379477028523756,0.8573964472286069,0.838592032790151,0.7962579447639075,0.4276815250389857,182
16,1340,3,1,15,0.06666666666666667,15.0,2.772588722239781,7.200424892944957,0.011940298507462687,83.75,-4.427836170705175,4.427836170705175,0.5400978590902226,0.3333333333333333,0.050746268656716415,0.4965812803518087,0.04253731343283582,0.9067164179104478,7.0,7,0.0,7,7,2.147827060761986,1.0929791300744935,2.0810067092802957,0.2523895391254176,8.032490621492256,0.8343648640684058,0.9564090413257234,0.9329477737645466,-1.8663891071518364,2.465638903895844,0.4375,0.8598941126466402,0.7739709615293495,20,1,0.0007462686567164179,0.0625,20,0.0009328358208955224,0.9201543697930186,0.9067596437195808,0.9052669420422758,0.9298959803398137,0.8397020082998088,0.9067596437195808,185
13,178,3,0,13,0,1,2.5649493574615367,5.181783550292085,0.07303370786516854,13.692307692307692,-2.6168341928305483,2.6168341928305483,1.5668222768551812,0.3333333333333333,0.33146067415730335,0.06462709335856702,0.2696629213483146,0.398876404494382,,,,,,0.006742802303922093,-0.24840310614612715,0.8981368138096525,-1.08643452740987,2.1049913235905557,0.3501684984202117,0.21304688642645625,0.4548204389440272,-0.3072854989584817,1.098191054755159,0.7692307692307693,-1.255369551942602,-0.1014808528365898,0,0,0.0,0.0,0,0.0,0.9439735982112143,0.5840793773649811,0.8891468868249055,0.9832989336085312,0.9616959064327485,0.5422278121775026,187
19,736,5,5,14,0.35714285714285715,2.8,2.9444389791664403,6.601230118728877,0.025815217391304348,38.73684210526316,-3.656791139562436,3.656791139562436,2.262083620428274,0.19999999999999998,0.1766304347826087,0.06526973669230479,0.14266304347826086,0.2907608695652174,15.4,77,6.374950980203691,8,27,63.08177960219297,0.6026872081895838,190.24521774603537,-1.8878025968703478,735.9388063621436,2.542787305446228,0.11090823271750604,7.141544609783885,-0.7321052428133319,27.127630798420103,0.47368421052631576,-0.8379238094957828,0.43186202873452745,95,9,0.012228260869565218,0.47368421052631576,448,0.032036613272311214,0.35980891850754865,0.44550705500020565,0.5377367230243941,0.5277972972972973,0.4550360154675223,0.3447223662018183,188
11,105,6,11,0,1,0,2.3978952727983707,4.653960350157523,0.10476190476190476,9.545454545454545,-2.256065077359153,2.256065077359153,2.3176028118111756,0.16666666666666666,0.1142857142857143,0.12530235541325166,0.09523809523809523,0.41904761904761906,7.818181818181818,86,14.621392682194886,2,54,,,,,,,,,,,0.09090909090909091,-0.8257536544298638,0.21780841198386994,35,7,0.06666666666666667,0.6363636363636364,61,0.05281385281385281,0.5274819624819626,0.5725252525252525,0.5586363636363636,0.6507070707070707,0.3445382395382396,0.378946608946609,328
4,160,3,0,4,0,1,1.3862943611198906,5.075173815233827,0.025,40.0,-3.6888794541139363,3.6888794541139363,1.5154656357070957,0.3333333333333333,0.4,0.12092309884109542,0.19375,0.40625,,,,,,-0.7422881167188297,-0.49345197085053116,0.430996847403516,-1.4887965543237298,-0.4934519708505265,0.5740318024082081,0.6520274751287018,0.13509246792240964,0.3400447842467258,0.6520274751287026,1.0,-0.3143480493221942,0.20210106986506485,0,0,0.0,0.0,0,0.0,0.7316748366013072,0.4371895424836601,0.8383578431372548,0.5570588235294117,0.6775326797385621,0.3115767973856209,329
8,155,4,6,2,3.0,0.3333333333333333,2.0794415416798357,5.043425116919247,0.05161290322580645,19.375,-2.9639835752394106,2.9639835752394106,1.9240283582739965,0.24999999999999997,0.2806451612903226,0.08757336748708533,0.12258064516129032,0.3161290322580645,7.666666666666667,46,6.155395104206462,3,21,-0.7860425273174048,-0.7860425273174048,0.49498428148587004,-1.2810268088032748,-0.2910582458315347,0.3805582497935948,0.3805582497935948,0.16428291959950272,0.2162753301940921,0.5448411693930976,0.375,-1.058637026374336,0.2269385028013351,0,0,0.0,0.0,0,0.0,0.33205693815987936,0.43053355957767725,0.38713800904977375,0.4729543740573153,0.2794249622926094,0.3276809954751131,338
5,500,2,3,2,1.5,0.6666666666666666,1.6094379124341003,6.214608098422191,0.01,100.0,-4.605170185988091,4.605170185988092,0.9909324035683699,0.5,0.5,0.07919595949289335,0.444,0.556,5.0,15,3.559026084010437,2,10,-0.38062995290969814,-0.38062995290969814,0.017507139072833855,-0.398137091982532,-0.3631228138368643,0.18905084935432404,0.18905084935432404,0.2690882761904945,-0.08003742683617049,0.45813912554481856,0.6,-1.1731420325621755,0.2178926909256859,32,2,0.004,0.4,32,0.0128,0.9780752300920368,0.8594909963985595,0.9801552621048419,0.7578847539015607,0.8500544217687075,0.6118559423769508,451
7,406,3,1,6,0.16666666666666666,6.0,1.9459101490553132,6.0063531596017325,0.017241379310344827,58.0,-4.060443010546419,4.060443010546419,1.3279423646128548,0.3333333333333333,0.19458128078817735,0.25323183840500396,0.17980295566502463,0.625615763546798,5.0,5,0.0,5,5,-0.38746153333919203,-0.6355546390278055,0.6551828823208704,-1.2003420484414549,0.5943281347807008,0.4923833787904197,0.4836434688681032,0.32522839137661047,0.020911502944775173,1.0417480859959831,0.5714285714285714,-1.0245072090082306,0.4978480791903489,14,2,0.0049261083743842365,0.2857142857142857,14,0.0049261083743842365,0.6642267488608952,0.6733295363173412,0.8019775752702583,0.7160037523452157,0.6632500223353882,0.5620776378093452,455
6,100,2,3,3,1.0,1.0,1.791759469228055,4.605170185988092,0.06,16.666666666666668,-2.8134107167600364,2.8134107167600364,0.8414646362081757,0.5,0.5,0.3252691193458118,0.27,0.73,3.3333333333333335,10,1.8856180831641267,2,6,6.3480700819093085,4.57903163260575,6.085750123115488,-0.061751586567264205,14.526930199689438,1.9396714000907125,1.8816960918236567,1.0803162913911746,0.6465001825710357,3.290817925877446,0.8333333333333334,2.078102448127534,1.3727324272117831,0,0,0.0,0.0,0,0.0,0.8098989898989899,0.9888888888888889,0.9788888888888889,0.8030303030303031,0.9888888888888889,0.7415151515151515,461
14,340,2,2,12,0.16666666666666666,6.0,2.6390573296152584,5.8289456176102075,0.041176470588235294,24.285714285714285,-3.1898882879949486,3.1898882879949486,0.9987766081837128,0.5,0.5,0.029116161578269618,0.47941176470588237,0.5205882352941177,2.5,5,0.5,2,3,1.4427903616215374,1.4368784206295162,1.2815477826616364,-1.4397531431852986,4.572261194436907,-0.040293093537478765,-0.03490030899715221,0.2427276935446632,-0.6442356946713628,0.3468536376116145,0.8571428571428571,1.1288645043156929,0.4096150630812191,228,11,0.03235294117647059,0.7857142857142857,834,0.17521008403361343,0.5002750190985485,0.5461370002546473,0.5503259485612427,0.5558848994143112,0.5655996944232238,0.5210364145658264,466
8,209,2,1,7,0.14285714285714285,7.0,2.0794415416798357,5.342334251964811,0.03827751196172249,26.125,-3.262892710284975,3.262892710284975,0.9417258626620666,0.5,0.5,0.1996138760287383,0.3588516746411483,0.6411483253588517,7.0,7,0.0,7,7,7.449984462738782,2.0845355359470545,10.108752054536977,-1.0310599006942005,24.097344649877122,1.595122767223145,1.3318770202598853,1.8201761382321853,-0.37878126636687837,4.3924810254836,0.875,6.339408746371603,2.0884754047558234,15,2,0.009569377990430622,0.25,15,0.008971291866028708,0.8986580086580087,0.8082467532467532,0.8520562770562771,0.8547835497835499,0.8743506493506494,0.6414502164502165,481
2,1024,4,0,2,0,1,0.6931471805599453,6.931471805599453,0.001953125,512.0,-6.238324625039508,6.238324625039508,1.8493804069130793,0.25,0.2568359375,0.12556583763789309,0.091796875,0.39453125,,,,,,-0.5720501224590018,-0.5720501224590018,0.44848765968882387,-1.0205377821478256,-0.1235624627701779,0.42590163573772816,0.42590163573772816,0.300040453690915,0.1258611820468132,0.7259420894286431,1.0,-0.9099144382652451,0.19889676077527016,0,0,0.0,0.0,0,0.0,0.3225178456759703,0.40912685363558976,0.35139927273270316,0.4092328972716276,0.4249406537938862,0.4675356017502203,679
25,1000,2,0,25,0,1,3.2188758248682006,6.907755278982137,0.025,40.0,-3.6888794541139363,3.6888794541139363,0.9906049558738163,0.5,0.5,0.08061017305526645,0.443,0.557,,,,,,-0.989595314088593,-1.171437938512433,0.6597004945663354,-1.2835199721673172,1.9564254767372282,0.06452395123462361,-0.021715267673795294,0.30581303630946877,-0.09964688131433311,1.3764547261042999,0.84,-0.10326541903213915,0.6407198887423502,0,0,0.0,0.0,0,0.0,0.6050374037403741,0.7049524952495249,0.834990199019902,0.669960196019602,0.664009500950095,0.6288870887088709,715
100,1000,2,0,100,0,1,4.605170185988092,6.907755278982137,0.1,10.0,-2.3025850929940455,2.302585092994046,0.9881489563064276,0.5,0.5,0.09050966799187804,0.436,0.564,,,,,,-1.1435043493159727,-1.1966119090890541,0.32362813456122413,-1.278348733221544,1.5414078443824146,0.03152009358643481,0.004369509429770091,0.17235904844018018,-0.11080855852709368,1.3499921576325715,0.88,-0.2577949434045905,0.62092061392906,0,0,0.0,0.0,0,0.0,0.5288322832283228,0.7039262926292629,0.83284698469847,0.6511318131813181,0.6502013201320133,0.552954095409541,718
8,4177,2,1,7,0.14285714285714285,7.0,2.0794415416798357,8.337348564497175,0.0019152501795547043,522.125,-6.2579070228173395,6.2579070228173395,0.9999906975135882,0.5,0.5,0.002539286980559751,0.4982044529566675,0.5017955470433325,3.0,3,0.0,3,3,11.033153238708229,0.0840117490022032,26.534117496757307,-0.045475581443039204,76.0255092292018,0.6203687756176217,0.591852151415509,1.1594896877799021,-0.6398732689818057,3.128817379065941,0.375,-0.45049064593924903,0.0365939966315034,0,0,0.0,0.0,0,0.0,0.7057671203252766,0.7356612203699487,0.7067315272264038,0.7730173942859164,0.7344558825538946,0.7012245014370936,720
48,15000,2,0,48,0,1,3.871201010907891,9.615805480084347,0.0032,312.5,-5.744604469176456,5.744604469176457,0.9210049486251756,0.5,0.5,0.2318367433250294,0.3360666666666667,0.6639333333333334,,,,,,18.897360037484802,2.1717552165799723,32.48983468210377,-0.07206687396279099,147.26194740900442,2.5891912471932574,1.563748742038388,3.222453760475968,0.0,11.618472351029691,0.3958333333333333,0.523217941029396,0.8536624552459167,0,0,0.0,0.0,0,0.0,0.9643995967701912,0.663933347881488,0.9769999982814808,0.8726672775706419,0.6539997464591466,0.663933347881488,722
25,1000,2,0,25,0,1,3.2188758248682006,6.907755278982137,0.025,40.0,-3.6888794541139363,3.6888794541139363,0.9936167534536142,0.5,0.5,0.06646803743153548,0.453,0.547,,,,,,-0.9708477930445453,-1.1786893634385467,0.5997633077414543,-1.2648195014781114,1.5092195091687732,0.10145927032941471,0.015434100457641327,0.31561335788405204,-0.09351495817879286,1.3562933936983042,0.84,-0.29366392375270634,0.6181423933568324,0,0,0.0,0.0,0,0.0,0.6248676867686769,0.677051705170517,0.831038903890389,0.642057805780578,0.6240471047104711,0.6471889188918891,723
10,40768,2,0,10,0,1,2.302585092994046,10.615652738931836,0.0002452904238618524,4076.8,-8.313067645937789,8.313067645937789,0.9999977500599351,0.5,0.5,0.0012488149589244544,0.4991169544740973,0.5008830455259027,,,,,,-1.5503087176983237,-1.5011534961190818,0.1498955375039238,-1.9998359849071359,-1.492703256210352,-0.003820939835718233,-0.0037614322687738134,0.007042934051762453,-0.01619029408134656,0.01029493968858467,1.0,-0.22590366658698224,0.01653834189744014,0,0,0.0,0.0,0,0.0,0.8857193878005413,0.8025166369275645,0.9070594081593699,0.8338156038457919,0.8069809684187824,0.5042432620052218,727
7,4052,2,0,7,0,1,1.9459101490553132,8.306965865368573,0.0017275419545903258,578.8571428571429,-6.361055716313261,6.361055716313261,0.794432350758128,0.5,0.5,0.3682120701637748,0.23963474827245804,0.760365251727542,,,,,,17.041561950383976,-0.27432929148784657,28.19091391054194,-1.9947336544066958,77.67284218722283,2.7479867719749262,1.3136994925027654,3.0088809758071857,-0.17063552411125038,7.968839223315648,1.0,0.23423088902415312,0.5825153686610043,0,0,0.0,0.0,0,0.0,0.9521375921375922,0.937069797069797,0.9304031304031305,0.915093275093275,0.9368447235113901,0.7603658203658205,728
40,13750,2,0,40,0,1,3.6888794541139363,9.528794103094718,0.002909090909090909,343.75,-5.839914648980781,5.839914648980781,0.9832048570341374,0.5,0.5,0.10768593453124585,0.42385454545454543,0.5761454545454545,,,,,,916.8636299450397,6.99126412264533,2055.4570069515507,-0.6162753070954761,6874.5,-4.557907793363304,0.12168175611072435,16.78110874887104,-75.97382827740627,2.3661880328924014,0.45,6.559860245565268,2.275945025583636,0,0,0.0,0.0,0,0.0,0.803277656246634,0.7496282964200757,0.8237930982671233,0.8750625052700253,0.6605794744438392,0.586615078196405,734
6,3107,2,0,6,0,1,1.791759469228055,8.041412909393047,0.0019311232700354038,517.8333333333334,-6.249653440164993,6.249653440164993,0.9999532967890263,0.5,0.5,0.005689626498121548,0.4959768265207596,0.5040231734792404,,,,,,1.9590698482873166,0.7505225600284191,2.8980755016349407,0.2808760952513385,8.425854561944824,0.033470629272022046,0.40053696657148685,0.6520490492494158,-1.0202472014051425,0.5879083591036035,0.5,0.5517006894684195,-0.3217281613455699,0,0,0.0,0.0,0,0.0,0.7344731900882715,0.7270527448211297,0.7199488363000965,0.8278059582605273,0.7064648110766252,0.5327186508474757,737
10,1000,2,0,10,0,1,2.302585092994046,6.907755278982137,0.01,100.0,-4.605170185988091,4.605170185988092,0.9895875212220556,0.5,0.5,0.08485281374238575,0.44,0.56,,,,,,-0.7027704484613612,-1.1784997611275323,0.9665822562859359,-1.2568897589374413,1.925856692086851,0.228998342655974,0.021922986663827214,0.45701653433567424,-0.041552615058166306,1.416881283544189,0.7,-0.1221369419751075,0.6525541216566852,0,0,0.0,0.0,0,0.0,0.757,0.7060000000000001,0.865,0.6679999999999999,0.6619999999999999,0.5389999999999999,740
2,1024,2,1,1,1.0,1.0,0.6931471805599453,6.931471805599453,0.001953125,512.0,-6.238324625039508,6.238324625039508,0.9999752343565644,0.5,0.5,0.0041432037960149265,0.4970703125,0.5029296875,4.0,4,0.0,4,4,-0.1235624627701779,-0.1235624627701779,0.0,-0.1235624627701779,-0.1235624627701779,0.7259420894286434,0.7259420894286434,0.0,0.7259420894286434,0.7259420894286434,1.0,-1.43310442934474,0.12033907187727225,0,0,0.0,0.0,0,0.0,0.5726702139088837,0.7150754966987276,0.612704668525105,0.6774086660522135,0.6657393323569936,0.7150754966987276,741
5,1000,2,0,5,0,1,1.6094379124341003,6.907755278982137,0.005,200.0,-5.298317366548036,5.298317366548036,0.9946583178227808,0.5,0.5,0.0608111831820431,0.457,0.543,,,,,,-1.0927041744440966,-1.1883248767855348,0.18996978196663805,-1.2023174944588308,-0.7140247148951118,0.001946020264280981,-0.00691703033571842,0.026836077822886467,-0.023446768963174033,0.05211380007687927,0.8,-0.7202029333164361,0.01774781155821475,0,0,0.0,0.0,0,0.0,0.8650720072007202,0.695121612161216,0.866021902190219,0.6289175917591759,0.6500883088308831,0.603916191619162,743
4,167,2,4,0,1,0,1.3862943611198906,5.117993812416755,0.023952095808383235,41.75,-3.7316994512968646,3.7316994512968646,0.7737069184593455,0.5,0.5,0.38530968316153186,0.2275449101796407,0.7724550898203593,4.75,19,0.4330127018922193,4,5,,,,,,,,,,,0.75,-0.7849676609419514,0.6733024137894422,0,0,0.0,0.0,0,0.0,0.8862990196078432,0.9278431372549021,0.9109803921568627,0.9043137254901961,0.9278431372549021,0.7730147058823529,747
10,1000,2,0,10,0,1,2.302585092994046,6.907755278982137,0.01,100.0,-4.605170185988091,4.605170185988092,0.9895875212220556,0.5,0.5,0.08485281374238575,0.44,0.56,,,,,,-0.5859464306558386,-1.2106563661067884,0.9939207516492047,-1.2522327925793992,1.9053017542309516,0.3062015705516949,0.03352178337053082,0.4783678895695072,-0.045540149195283146,1.413000364815282,0.7,-0.1438624833482809,0.6813228942867349,0,0,0.0,0.0,0,0.0,0.742,0.715,0.853,0.6420000000000001,0.657,0.54,751
32,8192,2,0,32,0,1,3.4657359027997265,9.010913347279288,0.00390625,256.0,-5.545177444479562,5.545177444479562,0.9999559719934967,0.5,0.5,0.005524271728019903,0.49609375,0.50390625,,,,,,-1.1968486921306227,-1.1964712199735197,0.014284294102478464,-1.226635652409952,-1.1566377295697203,-0.002687298681998929,-0.004819413820027755,0.012999817185850644,-0.03206985392821617,0.02577347162559762,0.96875,-0.07975252062758864,-0.013143738898155663,0,0,0.0,0.0,0,0.0,0.5524947470880442,0.6553987097973025,0.839106484718626,0.6461180483698225,0.6462438779738559,0.503662410237042,752
11,66,2,0,11,0,1,2.3978952727983707,4.189654742026425,0.16666666666666666,6.0,-1.791759469228055,1.791759469228055,1.0,0.5,0.5,0.0,0.5,0.5,,,,,,8.765470794703948,7.590111055150021,9.494524394387962,-0.8290888885265124,27.92503081631307,2.3463612116679102,2.6680325529970315,1.6511984541162144,-0.02766488084714894,5.184800754997158,0.45454545454545453,5.842672487656109,2.21780571629174,0,0,0.0,0.0,0,0.0,0.8958333333333334,1.0,1.0,0.8208333333333334,0.7749999999999999,0.575,759
3,2178,2,0,3,0,1,1.0986122886681098,7.686162303492906,0.0013774104683195593,726.0,-6.587550014824796,6.587550014824796,0.9912232530606148,0.5,0.5,0.07791810261008789,0.44490358126721763,0.5550964187327824,,,,,,3.0577969841679047,-0.8080680956019766,5.472274719903359,-0.8153019350336375,10.796760983139329,0.8213343906829902,0.04592475246362838,1.7744623890293,-0.8578739656544124,3.2759523852397545,1.0,0.8380085245600379,0.8398715655570477,0,0,0.0,0.0,0,0.0,0.5183741080530072,0.5541794087665648,0.502760788311247,0.55967125382263,0.5555470608222901,0.5541794087665648,772
5,7129,2,0,5,0,1,1.6094379124341003,8.871926251117628,0.0007013606396409033,1425.8,-7.262488338683528,7.262488338683528,0.9972877951195075,0.5,0.5,0.043344881943964304,0.4693505400476925,0.5306494599523075,,,,,,0.4983524355977533,1.0650320722719782,0.9627630495539069,-1.112204332793089,1.4506078582546698,0.11328191847881122,-0.015821861768844585,0.3139794449132847,-0.17078877107212356,0.6708610336276045,0.8,-0.020265141620288585,0.00011331143097790317,0,0,0.0,0.0,0,0.0,0.9127469166906248,0.9364572908918362,0.9096617555574478,0.939682904222092,0.9329515638614367,0.5833916063234156,803
8,8192,2,0,8,0,1,2.0794415416798357,9.010913347279288,0.0009765625,1024.0,-6.931471805599453,6.931471805599453,0.9997770990046065,0.5,0.5,0.01242961138804478,0.4912109375,0.5087890625,,,,,,-1.1908427265272405,-1.1899608602803333,0.007237244341008579,-1.2000096729045178,-1.1764746591539712,-0.0024236938888670054,0.0026898762192227527,0.013748782006823619,-0.03599927036315569,0.010223077520373937,1.0,-0.3478437633938629,0.004280634918327732,0,0,0.0,0.0,0,0.0,0.808590219786773,0.6893357157019271,0.7673382351774027,0.7324177178497651,0.7358380139350977,0.5545618073526715,807
8,8192,2,0,8,0,1,2.0794415416798357,9.010913347279288,0.0009765625,1024.0,-6.931471805599453,6.931471805599453,0.999986069360442,0.5,0.5,0.003107402847011195,0.497802734375,0.502197265625,,,,,,-1.1945919896764787,-1.1946743417109253,0.006299341227032278,-1.203293544393669,-1.1855510149603368,-0.005740316929795318,-0.0075408695741893475,0.013304164933165986,-0.02181392683072035,0.01837778565221088,1.0,-0.3441803761936808,-0.009638997963525214,0,0,0.0,0.0,0,0.0,0.7377943005040626,0.6968999646201626,0.7626942507072508,0.8270255652273064,0.8272703614459234,0.5048790914626682,816
6,9517,2,0,6,0,1,1.791759469228055,9.160834952072344,0.0006304507723021961,1586.1666666666667,-7.369075482844289,7.369075482844289,0.999977628330813,0.5,0.5,0.003937864810642774,0.49721550908899864,0.5027844909110014,,,,,,0.5782379932787024,0.05442601718136175,1.4969892000573648,-0.5464315381910452,3.8336185430906466,-0.015906019039207072,-0.035763883355699515,0.11643868728588057,-0.17307352053360348,0.15585894727615954,1.0,-0.19818170528482915,-0.07092151281380463,0,0,0.0,0.0,0,0.0,0.8297782896628417,0.8334559764071334,0.8269403849271957,0.8806392972050074,0.8750667717542328,0.7424582942037758,819
16,22784,2,0,16,0,1,2.772588722239781,10.033813814211703,0.0007022471910112359,1424.0,-7.261225091971921,7.261225091971921,0.8763427177130789,0.5,0.5,0.28850353923411803,0.29599719101123595,0.704002808988764,,,,,,468.82081564316456,14.089554304900423,1738.490394601462,-1.0959006786638479,7201.555806451915,6.137655244533669,2.371555108465971,17.448254966071154,-5.873026950739369,72.74990424779016,0.75,1.0533583743463728,0.3184102787428244,0,0,0.0,0.0,0,0.0,0.8326013827822918,0.7040028415340124,0.8345762990021116,0.8152207562964673,0.7990687195876693,0.7040028415340124,821
8,20640,2,0,8,0,1,2.0794415416798357,9.9349862195955,0.0003875968992248062,2580.0,-7.855544677915663,7.855544677915663,0.9865690330331822,0.5,0.5,0.09633644712677186,0.4318798449612403,0.5681201550387597,,,,,,19.190941572481695,13.43800975947879,23.775565967288916,-1.1177597814979185,73.55311639416537,2.3871769698459024,2.5285472069008326,1.7108949109085496,0.06033063759914578,4.935858226727124,0.625,25.353556171736386,3.538642412189361,0,0,0.0,0.0,0,0.0,0.9369183324864168,0.9311535543489853,0.9303303106840131,0.9617610642640344,0.9457293092742383,0.5455729903701332,823
32,8192,2,0,32,0,1,3.4657359027997265,9.010913347279288,0.00390625,256.0,-5.545177444479562,5.545177444479562,0.8936632139657559,0.5,0.5,0.26809981230046587,0.3104248046875,0.6895751953125,,,,,,0.9378355853742535,-1.1837201396462638,3.3390503735277766,-1.3085128593905695,8.89036006902754,0.6205672677152552,0.009922718211173197,0.8917281196505136,-0.023091903855669654,2.234417196199189,0.9375,-0.6318871948662861,0.33523499583245225,0,0,0.0,0.0,0,0.0,0.6898166048011001,0.7459709136815703,0.7370640144967774,0.813111412775376,0.8012733595940704,0.6896974863714085,833
8,22784,2,0,8,0,1,2.0794415416798357,10.033813814211703,0.00035112359550561797,2848.0,-7.954372272531867,7.954372272531867,0.8763427177130789,0.5,0.5,0.28850353923411803,0.29599719101123595,0.704002808988764,,,,,,973.7403833239216,5.084667774416881,2485.1011411101863,-1.0959006786638479,7546.16694383591,11.488497151631517,0.7620479962271238,24.075176405542646,-0.27090883172615704,74.16685526289056,1.0,1.768484098049738,0.6854321155699724,0,0,0.0,0.0,0,0.0,0.8316367598036967,0.7868234069052822,0.8426095652907545,0.8358497307746685,0.7936715770706388,0.7037391636659642,843
14,6574,2,0,14,0,1,2.6390573296152584,8.790877754224164,0.0021296014602981443,469.57142857142856,-6.151820424608906,6.151820424608906,0.9969402925875559,0.5,0.5,0.04603615794764865,0.46744752053544264,0.5325524794645573,,,,,,-0.029863330641401835,0.13140827551544954,0.6661995608615048,-1.2079512755712225,1.054855405684752,0.4864545800191515,0.5509413069189586,0.2755173860475851,-0.009425117038455905,0.9032573434542813,0.5714285714285714,0.18672190457017868,0.6301645680657505,0,0,0.0,0.0,0,0.0,0.7841574120483855,0.8148999942272386,0.764837073725394,0.8478886958808267,0.8081841634726405,0.7337903046489712,847
5,3848,2,0,5,0,1,1.6094379124341003,8.255308811785596,0.0012993762993762994,769.6,-6.645870899351497,6.645870899351497,1.0,0.5,0.5,0.0,0.5,0.5,,,,,,-0.09660835571472104,-0.15547870901963723,0.16705028550213416,-0.3087882324123772,0.19518735117785146,0.020617482908809187,0.07219002769397247,0.0972314621081192,-0.13058045094003137,0.10979375313044719,0.8,-0.04271311425963065,0.14987519775661273,0,0,0.0,0.0,0,0.0,0.48566359024179623,0.5044176381692573,0.49893674438687396,0.4823334952504318,0.4880653605354059,0.5010376187392055,871
10,40768,2,3,7,0.42857142857142855,2.3333333333333335,2.302585092994046,10.615652738931836,0.0002452904238618524,4076.8,-8.313067645937789,8.313067645937789,0.9729212144264806,0.5,0.5,0.13657179148015292,0.4034291601255887,0.5965708398744113,2.3333333333333335,7,0.4714045207910317,2,3,-1.0763234053158923,-1.1981209273221143,0.21739177336773685,-1.2054637290421204,-0.5884095133947653,0.09261384330417156,-0.0007859743850416299,0.37636718755224224,-0.3213970552702721,0.9737649773687981,0.8,-0.46631683425893566,0.4660118763568582,0,0,0.0,0.0,0,0.0,0.9457421686165892,0.787308465537917,0.9968602680695747,0.9524871138606927,0.8018299452860298,0.5964482063821003,881
15,1161,2,2,13,0.15384615384615385,6.5,2.70805020110221,7.057036981697891,0.012919896640826873,77.4,-4.3489867805956814,4.3489867805956814,0.8809748061658638,0.5,0.5,0.2832081423356973,0.2997416020671835,0.7002583979328165,28.0,56,24.0,4,52,7.355914010890156,0.7567967970425111,13.479842144429243,0.06521473249550436,50.909625136627895,1.6408187819659772,0.6934736442651175,1.602599772743599,0.3490238034594416,5.815258975041076,0.13333333333333333,-1.1232768737255778,0.17943805957871597,87,6,0.00516795865633075,0.4,256,0.014699971289118575,0.7293133561424416,0.9552451979138636,0.9716027883494149,0.9276577096067351,0.9198993451991953,0.9406488422455441,897
10,40768,2,0,10,0,1,2.302585092994046,10.615652738931836,0.0002452904238618524,4076.8,-8.313067645937789,8.313067645937789,0.999996790015353,0.5,0.5,0.0014916400898263879,0.498945251177394,0.5010547488226059,,,,,,-1.1965749447053695,-1.197041855831141,0.004277800540044012,-1.2031909185156309,-1.1873509143461016,0.0015462381676240307,-0.0006863512413754777,0.005897767374896505,-0.004213611293082884,0.01513524112103941,1.0,-0.5177194365282625,-0.0095612790570336,0,0,0.0,0.0,0,0.0,0.8253776641083317,0.7015799237641522,0.8757851601066285,0.8356312577242244,0.8658019684036958,0.5036544856617847,901
4,8641,2,1,3,0.3333333333333333,3.0,1.3862943611198906,9.0642735958414,0.0004629093854877908,2160.25,-7.677979234721509,7.677979234721509,0.992759369358745,0.5,0.5,0.07078432655090423,0.44994792269413264,0.5500520773058674,2.0,2,0.0,2,2,-0.7889207845004909,-1.0949619471348857,0.5570152579164712,-1.2645122468220311,-0.00728815954455575,0.2559250228128787,0.1880021206008219,0.22698866684089444,0.0181777294375629,0.5615952184002513,1.0,-0.9220812807521317,-0.3102525591025137,0,0,0.0,0.0,0,0.0,0.9283468771838168,0.8385247511952771,0.9552601156069365,0.9186764849892324,0.7045264956439639,0.8385247511952771,923
33,1302,2,1,32,0.03125,32.0,3.4965075614664802,7.171656822768514,0.02534562211981567,39.45454545454545,-3.6751492613020345,3.6751492613020345,0.9976685824034747,0.5,0.5,0.04018886467573313,0.4715821812596006,0.5284178187403994,51.0,51,0.0,51,51,10.083185750778483,3.533925053634426,13.817960907331978,-1.666672182032961,50.16052483234372,1.5830706618587602,0.7117649026787671,1.714238808587885,-0.630317240965984,6.136469733708766,0.18181818181818182,-1.17248986331186,0.13944894212374415,1144,30,0.02304147465437788,0.9090909090909091,7830,0.1822371177209887,0.5906788294255009,0.6927995284199794,0.6607032277740604,0.7127413547456154,0.6973800452461912,0.6644610286453,930
5,1156,2,4,1,4.0,0.25,1.6094379124341003,7.052721049232323,0.004325259515570935,231.2,-5.443283136798223,5.443283136798223,0.7628122983351655,0.5,0.5,0.3939245390001182,0.22145328719723184,0.7785467128027682,9.5,38,7.5,2,17,81.8767230327235,81.8767230327235,0.0,81.8767230327235,81.8767230327235,7.193711684481209,7.193711684481209,0.0,7.193711684481209,7.193711684481209,0.4,-0.7140907093596303,-0.00013282291325772468,0,0,0.0,0.0,0,0.0,0.8753598200899549,0.9170089955022489,0.8444602698650675,0.8581334332833583,0.918590704647676,0.7785607196401798,934
8,12960,2,8,0,1,0,2.0794415416798357,9.469622969906265,0.0006172839506172839,1620.0,-7.3901814282264295,7.3901814282264295,0.9182958340544896,0.5,0.5,0.23570226039551584,0.3333333333333333,0.6666666666666666,3.375,27,0.8569568250501305,2,5,,,,,,,,,,,0.875,-1.3000385766719118,-2.481420972606205e-17,0,0,0.0,0.0,0,0.0,1.0,1.0,1.0,1.0,1.0,0.6666666666666667,959
6,2000,2,0,6,0,1,1.791759469228055,7.600902459542082,0.003,333.3333333333333,-5.809142990314028,5.809142990314028,0.4689955935892812,0.5,0.5,0.5656854249492381,0.1,0.9,,,,,,-0.5362369011175121,-0.6352635311751769,0.3781517773430285,-1.0383558022952726,0.07949387005605324,0.5315671733271737,0.6245331546216045,0.3349250023560192,-0.06283666261434,1.0084830014756756,0.5,-1.1559757466362484,-0.01700112813569777,0,0,0.0,0.0,0,0.0,0.9979999999999999,0.9454999999999998,0.9949999999999998,0.9644999999999999,0.9984999999999999,0.9,962
16,1340,2,1,15,0.06666666666666667,15.0,2.772588722239781,7.200424892944957,0.011940298507462687,83.75,-4.427836170705175,4.427836170705175,0.4473360444854856,0.5,0.5,0.5751838742487588,0.09328358208955224,0.9067164179104478,7.0,7,0.0,7,7,2.147827060761986,1.0929791300744935,2.0810067092802957,0.2523895391254176,8.032490621492256,0.8343648640684058,0.9564090413257234,0.9329477737645466,-1.8663891071518364,2.465638903895844,0.4375,0.8598941126466402,0.7739709615293495,20,1,0.0007462686567164179,0.0625,20,0.0009328358208955224,0.935043163464216,0.9142467279309384,0.9246839320523531,0.9447507658033972,0.8791645781119465,0.9067390698969646,966
14,4562,2,8,6,1.3333333333333333,0.75,2.6390573296152584,8.425516402844334,0.003068829460762823,325.85714285714283,-5.786459073229075,5.786459073229075,0.8083116159412278,0.5,0.5,0.35618837859857216,0.24813678211310827,0.7518632178868917,12.0,96,11.090536506409418,2,39,24.63627243724476,3.771142714950953,43.8220858623518,-0.050776194164100286,121.69949059321033,2.831868883410601,0.9937119761197627,3.848473363078004,-0.2879773375790903,10.753121940293548,0.5714285714285714,15.10355878364191,3.9286926516447154,88,1,0.00021920210434020167,0.07142857142857142,88,0.001377841798709839,0.7702771699489424,0.7518637951552842,0.7924152558639487,0.8263896886636724,0.8138944873123728,0.7518637951552842,1037
37,1458,2,0,37,0,1,3.6109179126442243,7.284820912568604,0.025377229080932786,39.4054054054054,-3.673902999924379,3.673902999924379,0.5353247216329435,0.5,0.5,0.5344524505264577,0.12208504801097393,0.877914951989026,,,,,,105.08714800752,48.049942097674204,149.28719014767685,-1.5109530299949592,771.6332888137728,6.450282232943044,5.710990952498249,5.107399869459484,-0.4639306888169795,25.483851976424752,0.40540540540540543,17.084156010858045,3.2265677107286006,0,0,0.0,0.0,0,0.0,0.8765375531412376,0.8779215871516296,0.8840954180444024,0.9067076051015588,0.8751440717997166,0.8779215871516296,1049
10,478,3,4,6,0.6666666666666666,1.5,2.302585092994046,6.169610732491456,0.02092050209205021,47.8,-3.8670256394974105,3.86702563949741,1.465322403044941,0.3333333333333333,0.29497907949790797,0.16755132475331705,0.18828451882845187,0.5167364016736402,4.0,16,2.9154759474226504,2,9,-0.8969558981848292,-0.9819931923926035,0.37810523521851586,-1.3373578318684618,-0.28454474226126614,-0.06857812834963493,-0.09975320527854101,0.4662931290910881,-0.9043067159914793,0.48117890414767195,0.6,-1.3690273886889266,0.13993263659109745,0,0,0.0,0.0,0,0.0,0.4245612606744825,0.46006296135475466,0.3954316833116226,0.4934478578665509,0.43115682443190045,0.4725629613547547,1100
10000,1500,50,0,10000,0,1,9.210340371976184,7.313220387090301,6.666666666666667,0.15,1.8971199848858813,-1.8971199848858813,5.643856189774725,0.02,0.02,0.0,0.02,0.02,,,,,,83.53110091684393,56.17199734644303,104.69677726532741,-0.7024674071511239,1232.8540121758347,7.260344984411881,7.1512786063010445,4.649671745594411,-0.482333358672806,33.83000575049677,0.7846666666666666,-0.06744860215062154,0.32270301415396946,0,0,0.0,0.0,0,0.0,0.09666666666666666,0.03866666666666667,0.4333333333333333,0.08133333333333334,0.5326666666666666,0.019999999999999997,1457
10000,200,2,0,10000,0,1,9.210340371976184,5.298317366548036,50.0,0.02,3.912023005428146,-3.912023005428146,0.9895875212220556,0.5,0.5,0.08485281374238575,0.44,0.56,,,,,,14.147902334381728,2.9853356851169695,31.551653460674224,-1.743918898132023,199.99999999999994,2.4353522139514667,1.6770499687679732,2.637328075941909,-1.9171001216076662,14.142135623730946,0.8,-1.3326030123056256,0.3809843365445501,0,0,0.0,0.0,0,0.0,0.8398496240601505,0.6446992481203007,0.718358395989975,0.6290977443609023,0.5263408521303259,0.5605764411027568,1458
2,5300,2,0,2,0,1,0.6931471805599453,8.575462099540212,0.0003773584905660377,2650.0,-7.882314918980268,7.882314918980268,0.9922744327176322,0.5,0.5,0.07311217284721283,0.4483018867924528,0.5516981132075471,,,,,,-0.844289643666173,-0.844289643666173,0.2135675765186077,-1.0578572201847807,-0.6307220671475653,0.0972804452302869,0.0972804452302869,0.07148428494598302,0.025796160284303878,0.16876473017626992,1.0,-0.7165626381039143,0.09044682922334689,0,0,0.0,0.0,0,0.0,0.8735813436468505,0.5860600550241418,0.874527949917136,0.555108744854039,0.6139800164525664,0.5951042088786764,1460
4,1372,2,0,4,0,1,1.3862943611198906,7.22402480828583,0.0029154518950437317,343.0,-5.83773044716594,5.8377304471659395,0.991128125746746,0.5,0.5,0.07833836059792652,0.4446064139941691,0.5553935860058309,,,,,,0.14479469144118506,0.03014211578031767,0.7958921971666905,-0.7515813814324859,1.2704759156365908,-0.1192914188861702,-0.27174558770618523,0.7665955220364647,-1.0222430436540915,1.0885685435217811,0.75,-0.22718318535236381,0.40332243399026063,0,0,0.0,0.0,0,0.0,0.997815508304242,0.839617052787475,0.9854173278324343,0.9766740717232626,0.8410769068020736,0.839617052787475,1462
5,100,2,5,0,1,0,1.6094379124341003,4.605170185988092,0.05,20.0,-2.995732273553991,2.995732273553991,0.9043814577244937,0.5,0.5,0.25455844122715715,0.32,0.68,3.0,15,1.0954451150103321,2,5,,,,,,,,,,,0.8,-0.7558811994313013,0.3510926065578151,0,0,0.0,0.0,0,0.0,0.8421212121212122,0.6346464646464647,0.8541414141414142,0.6315151515151516,0.6272727272727273,0.6383838383838384,1463
9,106,6,0,9,0,1,2.1972245773362196,4.663439094112067,0.08490566037735849,11.777777777777779,-2.466214516775848,2.466214516775848,2.5646078191172523,0.16666666666666666,0.16037735849056603,0.030811191733121742,0.1320754716981132,0.20754716981132076,,,,,,-1.1916846007724244,-1.1865112869570198,0.016703717542897217,-1.2156310272187976,-1.1626642409432333,0.01833304477052035,0.008308113588137154,0.04303323689050328,-0.01673457385534593,0.12978032581351567,1.0,-0.6313818560386903,0.3157219349860466,0,0,0.0,0.0,0,0.0,0.3526234876234876,0.3653410478410478,0.3257079032079032,0.34768592518592517,0.4303360528360528,0.1762226662226662,1465
20,540,2,0,20,0,1,2.995732273553991,6.29156913955832,0.037037037037037035,27.0,-3.295836866004329,3.295836866004329,0.4201910370851765,0.5,0.5,0.586636736984395,0.08518518518518518,0.9148148148148149,,,,,,-1.2151730419773625,-1.200038049018043,0.06598639213018825,-1.5027881040892188,-1.1986607611256674,2.903068716391296e-05,-4.740482394894451e-07,0.0006451861927658111,-0.0008327136643543962,0.0012744626927466015,0.9,-1.189497462800878,-0.0032462582485441485,0,0,0.0,0.0,0,0.0,0.8759252906422719,0.914929165872562,0.8799396480528555,0.9074182072295279,0.8926681913474367,0.914929165872562,1467
856,1080,9,0,856,0,1,6.752270376141742,6.984716320118266,0.7925925925925926,1.2616822429906542,-0.23244594397652324,0.2324459439765233,3.169925001442312,0.1111111111111111,0.1111111111111111,0.0,0.1111111111111111,0.1111111111111111,,,,,,636.4605777891367,537.4925736866206,422.71200653423165,-1.259416833981677,1079.9999999999654,23.162381936882305,23.205542846331788,9.943146678803563,0.6326488459305649,32.86335345030918,0.463785046728972,1011.3446876432993,31.323554482254224,0,0,0.0,0.0,0,0.0,0.8666666666666666,0.20555555555555555,0.8648148148148149,0.8722222222222221,0.8407407407407407,0.11111111111111112,1468
14,14980,2,0,14,0,1,2.6390573296152584,9.61447125707121,0.0009345794392523365,1070.0,-6.975413927455952,6.975413927455952,0.992422373387609,0.5,0.5,0.07241000015621918,0.4487983978638184,0.5512016021361815,,,,,,8904.721901637471,9352.695219764788,5973.851785339235,2056.5210594418472,14979.178735371457,71.73726620900256,84.61113200878974,51.967044392175545,-13.615160740496915,122.38777688436487,0.35714285714285715,10780.653485463698,94.33318824476692,0,0,0.0,0.0,0,0.0,0.4893061689376914,0.43911796227527305,0.543247492808524,0.472100135261154,0.44144068004683124,0.5113535163275625,1471
9,100,2,0,9,0,1,2.1972245773362196,4.605170185988092,0.09,11.11111111111111,-2.4079456086518722,2.407945608651872,0.5293608652873644,0.5,0.5,0.5374011537017761,0.12,0.88,,,,,,-0.27007556784797265,-0.24541549514965633,1.5241358839095467,-2.039553460769959,3.051597734447744,-0.043857353009905314,0.2454439976746753,0.9085323088486532,-2.2340451136054793,0.7756240192915199,1.0,-0.49612847276046335,0.2833227939630917,0,0,0.0,0.0,0,0.0,0.8401010101010101,0.8814141414141415,0.7887878787878788,0.8321212121212123,0.835959595959596,0.8814141414141415,1473
51,6118,6,0,51,0,1,3.9318256327243257,8.718990524710849,0.008336057535142204,119.96078431372548,-4.787164891986523,4.787164891986523,2.3000070580673455,0.16666666666666666,0.11212814645308924,0.12737275134258388,0.07943772474664923,0.41745668519123896,,,,,,228.19086725959338,15.28650144456545,584.2400334241529,-0.9719716023758966,2944.652531708333,7.4409760278737,3.1426279908836254,11.228097739595619,-1.8757644271104605,53.784844915557,0.43137254901960786,7.932073912659433,2.404697593163404,0,0,0.0,0.0,0,0.0,0.5369146417127328,0.40242674812271745,0.5074977599574428,0.45102551452757994,0.1685269983101777,0.42450676439176077,1475
128,13910,6,0,128,0,1,4.852030263919617,9.540363284917488,0.009202012940330698,108.671875,-4.688333020997871,4.688333020997871,2.5456958326360266,0.16666666666666666,0.1617900790797987,0.0425023339321151,0.1179726815240834,0.21631919482386772,,,,,,1037.1486781860208,10.323210247482702,2826.6185383256675,-0.07402877055659518,13909.092980810163,4.620309058926326,1.295466113702948,29.037059763420586,-87.65387396805822,117.93489594364816,0.1015625,4.533964794384163,1.555967500495107,0,0,0.0,0.0,0,0.0,0.9201906092894584,0.3891570213417479,0.8725080785827434,0.9096978447114695,0.545059338441695,0.2842019558276369,1476
5,5404,2,0,5,0,1,1.6094379124341003,8.59489469908009,0.000925240562546262,1080.8,-6.985456786645989,6.985456786645989,0.8731822577241405,0.5,0.5,0.29205446624877385,0.2934863064396743,0.7065136935603257,,,,,,0.33974898860959685,-0.3066496518690478,1.0962144187884275,-0.8572834809909202,1.7651174033135737,0.779465258609504,0.48423100069000397,0.492894663251975,0.20949485050057032,1.4823930527848515,1.0,-1.245549979535002,-0.07755144660104552,0,0,0.0,0.0,0,0.0,0.9045141380736839,0.7538882188921797,0.8730562373010221,0.7583244366661319,0.7605367194395449,0.7538882188921797,1489
6,250,2,6,0,1,0,1.791759469228055,5.521460917862246,0.024,41.666666666666664,-3.7297014486341915,3.7297014486341915,0.9849900098451574,0.5,0.5,0.10182337649086282,0.428,0.572,3.0,18,0.0,3,3,,,,,,,,,,,1.0,-0.1530938578520642,0.09618418793348502,0,0,0.0,0.0,0,0.0,0.9923076923076923,0.7913974358974359,0.9961538461538462,0.5281410256410257,0.9599743589743589,0.7913974358974359,1495
256,1593,10,0,256,0,1,5.545177444479562,7.373374309910049,0.16070307595731326,6.22265625,-1.8281968654304859,1.828196865430486,3.32181948968678,0.1,0.09981167608286252,0.0012915923299444219,0.0973006905210295,0.1016949152542373,,,,,,-0.9633611989432262,-1.4413202169412025,1.7669874499354143,-2.0009955944217177,19.615509432023643,0.8093820477591874,0.7486578591262638,0.6186683869892863,-0.6138373506227587,4.6465991713692745,0.6328125,-0.18682956999003464,0.564321739302531,0,0,0.0,0.0,0,0.0,0.9196330277208444,0.19774515346042768,0.7555737596251257,0.8868164436315714,0.790947441056396,0.1444284365525974,1501
90,117,3,0,90,0,1,4.499809670330265,4.762173934797756,0.7692307692307693,1.3,-0.262364264467491,0.26236426446749106,1.3446180016388898,0.3333333333333333,0.20512820512820512,0.2445997952351143,0.1794871794871795,0.6153846153846154,,,,,,26.069234751783668,23.517420391571015,12.732936060916327,4.149538469276752,61.00680428198239,-1.2519550384944496,-2.418141204699034,3.595714009479443,-6.623308263332571,6.653483237119656,0.2222222222222222,18.050409497321517,3.953874294154532,0,0,0.0,0.0,0,0.0,0.8025807525807526,0.5608724608724609,0.7717365967365967,0.6617798867798868,0.8581002331002331,0.6171661671661672,1519
90,164,5,0,90,0,1,4.499809670330265,5.099866427824199,0.5487804878048781,1.8222222222222222,-0.6000567574939333,0.6000567574939334,2.248148355407225,0.2,0.15853658536585366,0.07206997227849943,0.12804878048780488,0.2865853658536585,,,,,,33.191968910432806,29.591303795448965,16.077601339969256,3.660172289802155,80.84384637657766,-1.4502125148062437,-2.4594412860784773,3.9323822308891883,-7.4640710866688895,7.455194693226883,0.26666666666666666,27.2366078000122,4.784642934251824,0,0,0.0,0.0,0,0.0,0.5834252297410193,0.3775984077841663,0.6037613641948008,0.42440807902108213,0.5539137058332104,0.3356341834979606,1520
6,120,2,5,1,5.0,0.2,1.791759469228055,4.787491742782046,0.05,20.0,-2.995732273553991,2.995732273553991,0.999799616411146,0.5,0.5,0.01178511301977579,0.49166666666666664,0.5083333333333333,2.0,10,0.0,2,2,-1.546782673757452,-1.546782673757452,0.0,-1.546782673757452,-1.546782673757452,0.11250839562976304,0.11250839562976304,0.0,0.11250839562976304,0.11250839562976304,0.6666666666666666,-1.5964943996731351,0.1880668508019639,0,0,0.0,0.0,0,0.0,1.0,0.8219696969696969,1.0,1.0,0.8219696969696969,0.8325757575757574,1556
10,1025009,10,0,10,0,1,2.302585092994046,13.840211951003901,9.75601189843211e-06,102500.9,-11.537626858009856,11.537626858009856,1.4169854631529564,0.1,0.0029404619861874383,0.19219090375520098,7.804809518745689e-06,0.5011673068236474,,,,,,-1.2874833277943514,-1.2869182252268105,0.07285013055537906,-1.3620774765144423,-1.2139440592755837,-0.00023672934415762463,-0.00044446318082570795,0.0016742503328444761,-0.002335658177751715,0.003977845451889983,1.0,-0.26184897660112316,-0.0008822048658538621,0,0,0.0,0.0,0,0.0,0.5061477363003954,0.5011673071609709,0.6442763597274983,0.5011673071609709,0.5011673071609709,0.5011673071609709,1567
8,12958,4,8,0,1,0,2.0794415416798357,9.469468637009902,0.0006173792251890724,1619.75,-7.390027095330066,7.390027095330066,1.7145838974189085,0.25,0.3206513350825745,0.1500749284857532,0.025312548232751968,0.3333847816020991,3.375,27,0.8569568250501305,2,5,,,,,,,,,,,0.875,-1.2998667802292379,0.00021911649143522275,0,0,0.0,0.0,0,0.0,0.6860440296625573,0.6626024804937074,0.8586393921182462,0.8596155298726706,0.7082120005795247,0.3207990658879738,1568
14,48842,2,8,6,1.3333333333333333,0.75,2.6390573296152584,10.79634587742716,0.00028663854878997584,3488.714285714286,-8.157288547811902,8.157288547811902,0.7938438393644256,0.5,0.5,0.3687112629142745,0.23928176569346055,0.7607182343065395,12.375,99,11.650509645504783,2,41,30.359637681293005,4.504453651156966,55.12310750680314,-0.1842687406239536,152.69309629858654,3.063860808337184,0.998236097567559,4.2540393031374,-0.31652485666067365,11.89465899660245,0.7142857142857143,17.522304738003903,4.138089321148835,3620,3,6.142254616928053e-05,0.21428571428571427,6465,0.009454684785342825,0.7967124779348009,0.7607182417754828,0.8156714923353079,0.8278125342527629,0.813070753795175,0.7607182417754828,1590
37,540,2,19,18,1.0555555555555556,0.9473684210526315,3.6109179126442243,6.29156913955832,0.06851851851851852,14.594594594594595,-2.6806512269140956,2.6806512269140956,0.9824740868386409,0.5,0.5,0.10999438818457402,0.4222222222222222,0.5777777777777777,8.157894736842104,155,15.611275135533957,2,72,11.513910440401482,1.8216938642644172,34.65343260706526,-1.7519473536570265,153.3581364778371,1.245111947645266,0.42484897187134035,2.8866651166745627,-1.959710703341438,12.16185933862656,0.08108108108108109,-0.5239534828504389,0.8321065694998487,263,28,0.05185185185185185,0.7567567567567568,999,0.05,0.5166990661330285,0.6756565656565657,0.5959329140461216,0.5777504605806493,0.43332698049679175,0.5777892128835524,6332
12,500,2,11,1,11.0,0.09090909090909091,2.4849066497880004,6.214608098422191,0.024,41.666666666666664,-3.7297014486341915,3.7297014486341915,0.9814538950336537,0.5,0.5,0.11313708498984758,0.42,0.58,14.090909090909092,155,6.694021015456397,4,24,-0.5820891187268198,-0.5820891187268198,0.0,-0.5820891187268198,-0.5820891187268198,-1.1647649580553914,-1.1647649580553914,0.0,-1.1647649580553914,-1.1647649580553914,0.6666666666666666,-1.0191027105668913,0.7351971640194274,401,9,0.018,0.75,835,0.13916666666666666,0.49400000000000005,0.618,0.534,0.56,0.5619999999999999,0.546,23381
14,690,2,8,6,1.3333333333333333,0.75,2.6390573296152584,6.536691597591305,0.020289855072463767,49.285714285714285,-3.8976342679760467,3.8976342679760463,0.9912308989033521,0.5,0.5,0.07788422517417042,0.4449275362318841,0.5550724637681159,4.5,36,4.06201920231798,2,14,0.19032997589685338,-0.5375502080956902,1.8392694600988542,-0.9269912725749356,4.265347329133046,0.9097524103570448,0.6937491058414276,0.5941917050716577,0.39264981535307114,2.1255033078408583,0.5714285714285714,-0.72589574063278,-0.10782455826674636,0,0,0.0,0.0,0,0.0,0.7695365972475947,0.8550956034587749,0.8100164413591525,0.8609146267202533,0.856398733406406,0.682716477895506,40981
27,1941,7,0,27,0,1,3.295836866004329,7.57095858316901,0.013910355486862442,71.88888888888889,-4.275121717164681,4.275121717164681,2.410690442272441,0.14285714285714285,0.09788768675940238,0.11490875828592285,0.02833590932509016,0.3467284904688305,,,,,,109.58603680278517,-0.04144810979210778,339.67089354858877,-1.8563564132864256,1663.0518475718018,3.7412473839787417,0.6793387184952072,8.482467506218425,-0.9285824124769961,39.29315840666584,0.48148148148148145,15.324507658701105,2.2116102202743217,0,0,0.0,0.0,0,0.0,0.5800846974579384,0.4774516552367449,0.5525286728643438,0.6359020337876413,0.5675206094871436,0.4370610403306715,40982
2,45781,20,0,2,0,1,0.6931471805599453,10.731624436867815,4.368624538564033e-05,22890.5,-10.03847725630787,10.03847725630787,4.245430965696704,0.049999999999999996,0.06251501714685131,0.0161783051145876,0.03051484240186977,0.0634761145453354,,,,,,-1.2000704551247654,-1.2000704551247654,0.00011296804289306905,-1.2001834231676585,-1.1999574870818723,-0.0047069108027838836,-0.0047069108027838836,0.0034778135751191612,-0.008184724377903045,-0.0012290972276647228,1.0,-0.6053635460357674,0.0007158394486631276,0,0,0.0,0.0,0,0.0,0.05379909700261952,0.06279895187593569,0.0548464052570151,0.06144497578248922,0.061161346339039316,0.06282048536676157,40985
